{
  "company_code": {
    "rect": [
      526.6633911132812,
      67.58982849121094,
      726.6633911132812,
      76.42369079589844
    ],
    "type": "text",
    "page": 0
  },
  "company_name": {
    "rect": [
      526.6633911132812,
      67.58982849121094,
      726.6633911132812,
      76.42369079589844
    ],
    "type": "text",
    "page": 0
  },
  "employee_file_number": {
    "rect": [
      526.6633911132812,
      67.58982849121094,
      726.6633911132812,
      76.42369079589844
    ],
    "type": "text",
    "page": 0
  },
  "payroll_mgr_name": {
    "rect": [
      525.6676025390625,
      82.94969177246094,
      725.6676025390625,
      91.78355407714844
    ],
    "type": "text",
    "page": 0
  },
  "payroll_mgr_signature": {
    "rect": [
      525.6676025390625,
      82.94969177246094,
      725.6676025390625,
      91.78355407714844
    ],
    "type": "text",
    "page": 0
  },
  "bank1_checking": {
    "rect": [
      54.060089111328125,
      542.5322875976562,
      67.06008911132812,
      553.6243896484375
    ],
    "type": "checkbox",
    "page": 0
  },
  "bank1_savings": {
    "rect": [
      117.36039733886719,
      542.5322875976562,
      130.3603973388672,
      553.6243896484375
    ],
    "type": "checkbox",
    "page": 0
  },
  "employee_name": {
    "rect": [
      567.85791015625,
      377.47216796875,
      767.85791015625,
      388.5643005371094
    ],
    "type": "text",
    "page": 0
  },
  "ssn": {
    "rect": [
      567.85791015625,
      377.47216796875,
      767.85791015625,
      388.5643005371094
    ],
    "type": "text",
    "page": 0
  },
  "employee_signature": {
    "rect": [
      127.6386947631836,
      400.9921875,
      327.6386947631836,
      412.0843200683594
    ],
    "type": "signature",
    "page": 0
  },
  "signature_date": {
    "rect": [
      394.2272033691406,
      400.9921875,
      594.2272033691406,
      412.0843200683594
    ],
    "type": "text",
    "page": 0
  },
  "bank1_other": {
    "rect": [
      174.00059509277344,
      542.5322875976562,
      187.00059509277344,
      553.6243896484375
    ],
    "type": "checkbox",
    "page": 0
  },
  "bank1_name_city_state": {
    "rect": [
      497.1308898925781,
      506.8920593261719,
      697.1308898925781,
      517.9841918945312
    ],
    "type": "text",
    "page": 0
  },
  "bank1_routing": {
    "rect": [
      247.41390991210938,
      524.3518676757812,
      447.4139099121094,
      535.4439697265625
    ],
    "type": "text",
    "page": 0
  },
  "bank1_account": {
    "rect": [
      498.8962097167969,
      524.3518676757812,
      698.8962097167969,
      535.4439697265625
    ],
    "type": "text",
    "page": 0
  },
  "bank1_amount": {
    "rect": [
      450.5643310546875,
      542.5322875976562,
      650.5643310546875,
      553.6243896484375
    ],
    "type": "text",
    "page": 0
  },
  "bank1_entire": {
    "rect": [
      440.580810546875,
      542.5322875976562,
      453.580810546875,
      553.6243896484375
    ],
    "type": "checkbox",
    "page": 0
  },
  "bank2_name_city_state": {
    "rect": [
      497.13189697265625,
      571.5122680664062,
      697.1318969726562,
      582.6043701171875
    ],
    "type": "text",
    "page": 0
  },
  "bank2_routing": {
    "rect": [
      247.41500854492188,
      589.0322875976562,
      447.4150085449219,
      600.1243896484375
    ],
    "type": "text",
    "page": 0
  },
  "bank2_account": {
    "rect": [
      498.8973083496094,
      589.0322875976562,
      698.8973083496094,
      600.1243896484375
    ],
    "type": "text",
    "page": 0
  },
  "bank2_checking": {
    "rect": [
      54.0611572265625,
      607.2127075195312,
      67.0611572265625,
      618.3048095703125
    ],
    "type": "checkbox",
    "page": 0
  },
  "bank2_savings": {
    "rect": [
      114.90159606933594,
      607.2127075195312,
      127.90159606933594,
      618.3048095703125
    ],
    "type": "checkbox",
    "page": 0
  },
  "bank2_other": {
    "rect": [
      174.00169372558594,
      607.2127075195312,
      187.00169372558594,
      618.3048095703125
    ],
    "type": "checkbox",
    "page": 0
  },
  "bank2_amount": {
    "rect": [
      450.5654296875,
      607.2127075195312,
      650.5654296875,
      618.3048095703125
    ],
    "type": "text",
    "page": 0
  },
  "bank2_entire": {
    "rect": [
      440.5819091796875,
      607.2127075195312,
      453.5819091796875,
      618.3048095703125
    ],
    "type": "checkbox",
    "page": 0
  },
  "bank3_name_city_state": {
    "rect": [
      497.13299560546875,
      642.1925048828125,
      697.1329956054688,
      653.2846069335938
    ],
    "type": "text",
    "page": 0
  },
  "bank3_routing": {
    "rect": [
      247.41600036621094,
      659.7125244140625,
      447.41600036621094,
      670.8046264648438
    ],
    "type": "text",
    "page": 0
  },
  "bank3_account": {
    "rect": [
      498.8983154296875,
      659.7125244140625,
      698.8983154296875,
      670.8046264648438
    ],
    "type": "text",
    "page": 0
  },
  "bank3_checking": {
    "rect": [
      54.062232971191406,
      677.8325805664062,
      67.0622329711914,
      688.9246826171875
    ],
    "type": "checkbox",
    "page": 0
  },
  "bank3_savings": {
    "rect": [
      117.36259460449219,
      677.8325805664062,
      130.3625946044922,
      688.9246826171875
    ],
    "type": "checkbox",
    "page": 0
  },
  "bank3_other": {
    "rect": [
      174.06280517578125,
      677.8325805664062,
      187.06280517578125,
      688.9246826171875
    ],
    "type": "checkbox",
    "page": 0
  },
  "bank3_amount": {
    "rect": [
      450.5503234863281,
      677.8325805664062,
      650.5503234863281,
      688.9246826171875
    ],
    "type": "text",
    "page": 0
  },
  "bank3_entire": {
    "rect": [
      440.5830078125,
      677.8325805664062,
      453.5830078125,
      688.9246826171875
    ],
    "type": "checkbox",
    "page": 0
  },
  "employee_email": {
    "rect": [
      523.6683959960938,
      418.2559814453125,
      723.6683959960938,
      430.2559814453125
    ],
    "type": "text",
    "page": 0
  }
}